id,Nombre,Región,Tipo Principal,Debilidad Principal
1,Pokémon 1,Alola,Normal,Lucha
2,Pokémon 2,Sinnoh,Dragón,Hielo
3,Pokémon 3,Galar,Veneno,Tierra
4,Pokémon 4,Teselia,Psíquico,Bicho
5,Pokémon 5,Alola,Bicho,Fuego
6,Pokémon 6,Paldea,Bicho,Fuego
7,Pokémon 7,Hoenn,Planta,Fuego
8,Pokémon 8,Alola,Siniestro,Lucha
9,Pokémon 9,Galar,Planta,Fuego
10,Pokémon 10,Teselia,Eléctrico,Tierra
11,Pokémon 11,Sinnoh,Eléctrico,Tierra
12,Pokémon 12,Galar,Veneno,Tierra
13,Pokémon 13,Galar,Volador,Eléctrico
14,Pokémon 14,Hoenn,Acero,Fuego
15,Pokémon 15,Kalos,Tierra,Agua
16,Pokémon 16,Teselia,Fantasma,Siniestro
17,Pokémon 17,Johto,Veneno,Tierra
18,Pokémon 18,Galar,Tierra,Agua
19,Pokémon 19,Kalos,Psíquico,Bicho
20,Pokémon 20,Johto,Normal,Lucha
21,Pokémon 21,Teselia,Fantasma,Siniestro
22,Pokémon 22,Kanto,Eléctrico,Tierra
23,Pokémon 23,Paldea,Fantasma,Siniestro
24,Pokémon 24,Kalos,Planta,Fuego
25,Pokémon 25,Hisui,Normal,Lucha
26,Pokémon 26,Kanto,Veneno,Tierra
27,Pokémon 27,Paldea,Dragón,Hielo
28,Pokémon 28,Hoenn,Dragón,Hielo
29,Pokémon 29,Alola,Tierra,Agua
30,Pokémon 30,Sinnoh,Tierra,Agua
31,Pokémon 31,Hisui,Volador,Eléctrico
32,Pokémon 32,Hoenn,Tierra,Agua
33,Pokémon 33,Teselia,Agua,Planta
34,Pokémon 34,Hoenn,Psíquico,Bicho
35,Pokémon 35,Alola,Hielo,Fuego
36,Pokémon 36,Teselia,Fuego,Agua
37,Pokémon 37,Hisui,Lucha,Psíquico
38,Pokémon 38,Alola,Hada,Veneno
39,Pokémon 39,Johto,Fuego,Agua
40,Pokémon 40,Sinnoh,Acero,Fuego
41,Pokémon 41,Hisui,Psíquico,Bicho
42,Pokémon 42,Johto,Bicho,Fuego
43,Pokémon 43,Paldea,Lucha,Psíquico
44,Pokémon 44,Hisui,Hielo,Fuego
45,Pokémon 45,Paldea,Normal,Lucha
46,Pokémon 46,Teselia,Acero,Fuego
47,Pokémon 47,Johto,Psíquico,Bicho
48,Pokémon 48,Sinnoh,Hada,Veneno
49,Pokémon 49,Alola,Acero,Fuego
50,Pokémon 50,Galar,Lucha,Psíquico
51,Pokémon 51,Hoenn,Acero,Fuego
52,Pokémon 52,Kanto,Tierra,Agua
53,Pokémon 53,Sinnoh,Acero,Fuego
54,Pokémon 54,Johto,Veneno,Tierra
55,Pokémon 55,Galar,Acero,Fuego
56,Pokémon 56,Sinnoh,Lucha,Psíquico
57,Pokémon 57,Johto,Normal,Lucha
58,Pokémon 58,Kalos,Roca,Agua
59,Pokémon 59,Kalos,Acero,Fuego
60,Pokémon 60,Paldea,Roca,Agua
61,Pokémon 61,Sinnoh,Siniestro,Lucha
62,Pokémon 62,Kalos,Veneno,Tierra
63,Pokémon 63,Johto,Hada,Veneno
64,Pokémon 64,Paldea,Normal,Lucha
65,Pokémon 65,Johto,Fantasma,Siniestro
66,Pokémon 66,Paldea,Dragón,Hielo
67,Pokémon 67,Sinnoh,Hada,Veneno
68,Pokémon 68,Galar,Fuego,Agua
69,Pokémon 69,Alola,Acero,Fuego
70,Pokémon 70,Hisui,Hada,Veneno
71,Pokémon 71,Galar,Hielo,Fuego
72,Pokémon 72,Teselia,Planta,Fuego
73,Pokémon 73,Johto,Normal,Lucha
74,Pokémon 74,Teselia,Veneno,Tierra
75,Pokémon 75,Galar,Lucha,Psíquico
76,Pokémon 76,Paldea,Agua,Planta
77,Pokémon 77,Hisui,Volador,Eléctrico
78,Pokémon 78,Hisui,Volador,Eléctrico
79,Pokémon 79,Kanto,Fantasma,Siniestro
80,Pokémon 80,Hisui,Fuego,Agua
81,Pokémon 81,Alola,Normal,Lucha
82,Pokémon 82,Hisui,Hada,Veneno
83,Pokémon 83,Galar,Lucha,Psíquico
84,Pokémon 84,Kanto,Veneno,Tierra
85,Pokémon 85,Galar,Normal,Lucha
86,Pokémon 86,Galar,Agua,Planta
87,Pokémon 87,Hoenn,Veneno,Tierra
88,Pokémon 88,Kanto,Dragón,Hielo
89,Pokémon 89,Galar,Eléctrico,Tierra
90,Pokémon 90,Hoenn,Agua,Planta
91,Pokémon 91,Hoenn,Normal,Lucha
92,Pokémon 92,Kanto,Dragón,Hielo
93,Pokémon 93,Teselia,Veneno,Tierra
94,Pokémon 94,Paldea,Fuego,Agua
95,Pokémon 95,Alola,Agua,Planta
96,Pokémon 96,Paldea,Fantasma,Siniestro
97,Pokémon 97,Hisui,Fantasma,Siniestro
98,Pokémon 98,Alola,Psíquico,Bicho
99,Pokémon 99,Hisui,Siniestro,Lucha
100,Pokémon 100,Galar,Planta,Fuego
101,Pokémon 101,Johto,Eléctrico,Tierra
102,Pokémon 102,Kanto,Fantasma,Siniestro
103,Pokémon 103,Alola,Siniestro,Lucha
104,Pokémon 104,Alola,Hada,Veneno
105,Pokémon 105,Galar,Lucha,Psíquico
106,Pokémon 106,Teselia,Volador,Eléctrico
107,Pokémon 107,Hoenn,Lucha,Psíquico
108,Pokémon 108,Galar,Normal,Lucha
109,Pokémon 109,Kalos,Siniestro,Lucha
110,Pokémon 110,Hoenn,Planta,Fuego
111,Pokémon 111,Kanto,Hada,Veneno
112,Pokémon 112,Hoenn,Fuego,Agua
113,Pokémon 113,Teselia,Normal,Lucha
114,Pokémon 114,Hoenn,Dragón,Hielo
115,Pokémon 115,Kanto,Eléctrico,Tierra
116,Pokémon 116,Teselia,Psíquico,Bicho
117,Pokémon 117,Paldea,Volador,Eléctrico
118,Pokémon 118,Alola,Fuego,Agua
119,Pokémon 119,Alola,Agua,Planta
120,Pokémon 120,Hisui,Bicho,Fuego
121,Pokémon 121,Paldea,Eléctrico,Tierra
122,Pokémon 122,Paldea,Eléctrico,Tierra
123,Pokémon 123,Hoenn,Hielo,Fuego
124,Pokémon 124,Alola,Tierra,Agua
125,Pokémon 125,Kanto,Fuego,Agua
126,Pokémon 126,Sinnoh,Bicho,Fuego
127,Pokémon 127,Sinnoh,Agua,Planta
128,Pokémon 128,Teselia,Bicho,Fuego
129,Pokémon 129,Alola,Acero,Fuego
130,Pokémon 130,Alola,Volador,Eléctrico
131,Pokémon 131,Sinnoh,Fantasma,Siniestro
132,Pokémon 132,Alola,Acero,Fuego
133,Pokémon 133,Hoenn,Hada,Veneno
134,Pokémon 134,Kalos,Acero,Fuego
135,Pokémon 135,Johto,Fantasma,Siniestro
136,Pokémon 136,Paldea,Tierra,Agua
137,Pokémon 137,Hisui,Veneno,Tierra
138,Pokémon 138,Teselia,Fuego,Agua
139,Pokémon 139,Kalos,Roca,Agua
140,Pokémon 140,Sinnoh,Lucha,Psíquico
141,Pokémon 141,Paldea,Tierra,Agua
142,Pokémon 142,Alola,Psíquico,Bicho
143,Pokémon 143,Hisui,Fantasma,Siniestro
144,Pokémon 144,Alola,Planta,Fuego
145,Pokémon 145,Kanto,Roca,Agua
146,Pokémon 146,Kanto,Fuego,Agua
147,Pokémon 147,Hisui,Eléctrico,Tierra
148,Pokémon 148,Hisui,Psíquico,Bicho
149,Pokémon 149,Sinnoh,Hielo,Fuego
150,Pokémon 150,Hisui,Hada,Veneno
151,Pokémon 151,Hoenn,Volador,Eléctrico
152,Pokémon 152,Alola,Planta,Fuego
153,Pokémon 153,Kalos,Tierra,Agua
154,Pokémon 154,Galar,Hielo,Fuego
155,Pokémon 155,Hisui,Fuego,Agua
156,Pokémon 156,Teselia,Acero,Fuego
157,Pokémon 157,Kanto,Eléctrico,Tierra
158,Pokémon 158,Hoenn,Hielo,Fuego
159,Pokémon 159,Paldea,Bicho,Fuego
160,Pokémon 160,Galar,Volador,Eléctrico
161,Pokémon 161,Kalos,Hielo,Fuego
162,Pokémon 162,Galar,Veneno,Tierra
163,Pokémon 163,Hisui,Fuego,Agua
164,Pokémon 164,Sinnoh,Bicho,Fuego
165,Pokémon 165,Kanto,Roca,Agua
166,Pokémon 166,Kanto,Lucha,Psíquico
167,Pokémon 167,Paldea,Volador,Eléctrico
168,Pokémon 168,Sinnoh,Roca,Agua
169,Pokémon 169,Alola,Acero,Fuego
170,Pokémon 170,Johto,Fantasma,Siniestro
171,Pokémon 171,Hoenn,Fuego,Agua
172,Pokémon 172,Kanto,Psíquico,Bicho
173,Pokémon 173,Teselia,Normal,Lucha
174,Pokémon 174,Kanto,Planta,Fuego
175,Pokémon 175,Galar,Psíquico,Bicho
176,Pokémon 176,Kanto,Veneno,Tierra
177,Pokémon 177,Kanto,Psíquico,Bicho
178,Pokémon 178,Johto,Planta,Fuego
179,Pokémon 179,Johto,Acero,Fuego
180,Pokémon 180,Kalos,Lucha,Psíquico
181,Pokémon 181,Alola,Veneno,Tierra
182,Pokémon 182,Teselia,Agua,Planta
183,Pokémon 183,Kanto,Fuego,Agua
184,Pokémon 184,Kanto,Dragón,Hielo
185,Pokémon 185,Hoenn,Eléctrico,Tierra
186,Pokémon 186,Johto,Normal,Lucha
187,Pokémon 187,Teselia,Planta,Fuego
188,Pokémon 188,Paldea,Dragón,Hielo
189,Pokémon 189,Kalos,Agua,Planta
190,Pokémon 190,Alola,Psíquico,Bicho
191,Pokémon 191,Sinnoh,Acero,Fuego
192,Pokémon 192,Alola,Roca,Agua
193,Pokémon 193,Galar,Psíquico,Bicho
194,Pokémon 194,Kanto,Fuego,Agua
195,Pokémon 195,Kalos,Tierra,Agua
196,Pokémon 196,Galar,Fuego,Agua
197,Pokémon 197,Teselia,Tierra,Agua
198,Pokémon 198,Sinnoh,Tierra,Agua
199,Pokémon 199,Johto,Veneno,Tierra
200,Pokémon 200,Kalos,Acero,Fuego
201,Pokémon 201,Kalos,Normal,Lucha
202,Pokémon 202,Kanto,Psíquico,Bicho
203,Pokémon 203,Hisui,Veneno,Tierra
204,Pokémon 204,Kalos,Volador,Eléctrico
205,Pokémon 205,Hoenn,Lucha,Psíquico
206,Pokémon 206,Sinnoh,Agua,Planta
207,Pokémon 207,Sinnoh,Agua,Planta
208,Pokémon 208,Hoenn,Hada,Veneno
209,Pokémon 209,Paldea,Eléctrico,Tierra
210,Pokémon 210,Hoenn,Bicho,Fuego
211,Pokémon 211,Hoenn,Bicho,Fuego
212,Pokémon 212,Sinnoh,Hielo,Fuego
213,Pokémon 213,Alola,Fuego,Agua
214,Pokémon 214,Sinnoh,Bicho,Fuego
215,Pokémon 215,Hisui,Eléctrico,Tierra
216,Pokémon 216,Kanto,Bicho,Fuego
217,Pokémon 217,Galar,Acero,Fuego
218,Pokémon 218,Alola,Acero,Fuego
219,Pokémon 219,Johto,Volador,Eléctrico
220,Pokémon 220,Galar,Acero,Fuego
221,Pokémon 221,Kanto,Dragón,Hielo
222,Pokémon 222,Hisui,Bicho,Fuego
223,Pokémon 223,Hisui,Siniestro,Lucha
224,Pokémon 224,Johto,Veneno,Tierra
225,Pokémon 225,Alola,Acero,Fuego
226,Pokémon 226,Paldea,Eléctrico,Tierra
227,Pokémon 227,Hoenn,Siniestro,Lucha
228,Pokémon 228,Alola,Hielo,Fuego
229,Pokémon 229,Paldea,Veneno,Tierra
230,Pokémon 230,Hisui,Hada,Veneno
231,Pokémon 231,Sinnoh,Bicho,Fuego
232,Pokémon 232,Kanto,Dragón,Hielo
233,Pokémon 233,Johto,Tierra,Agua
234,Pokémon 234,Kanto,Roca,Agua
235,Pokémon 235,Teselia,Dragón,Hielo
236,Pokémon 236,Teselia,Volador,Eléctrico
237,Pokémon 237,Alola,Siniestro,Lucha
238,Pokémon 238,Hisui,Lucha,Psíquico
239,Pokémon 239,Hisui,Acero,Fuego
240,Pokémon 240,Hoenn,Lucha,Psíquico
241,Pokémon 241,Hoenn,Fantasma,Siniestro
242,Pokémon 242,Hoenn,Dragón,Hielo
243,Pokémon 243,Sinnoh,Lucha,Psíquico
244,Pokémon 244,Galar,Tierra,Agua
245,Pokémon 245,Kalos,Siniestro,Lucha
246,Pokémon 246,Galar,Veneno,Tierra
247,Pokémon 247,Kanto,Hada,Veneno
248,Pokémon 248,Galar,Hada,Veneno
249,Pokémon 249,Sinnoh,Lucha,Psíquico
250,Pokémon 250,Kanto,Agua,Planta
251,Pokémon 251,Galar,Hada,Veneno
252,Pokémon 252,Sinnoh,Volador,Eléctrico
253,Pokémon 253,Kalos,Lucha,Psíquico
254,Pokémon 254,Galar,Acero,Fuego
255,Pokémon 255,Sinnoh,Fantasma,Siniestro
256,Pokémon 256,Hoenn,Agua,Planta
257,Pokémon 257,Hisui,Bicho,Fuego
258,Pokémon 258,Hoenn,Roca,Agua
259,Pokémon 259,Hisui,Fuego,Agua
260,Pokémon 260,Johto,Agua,Planta
261,Pokémon 261,Johto,Eléctrico,Tierra
262,Pokémon 262,Johto,Psíquico,Bicho
263,Pokémon 263,Kalos,Veneno,Tierra
264,Pokémon 264,Hoenn,Bicho,Fuego
265,Pokémon 265,Hisui,Lucha,Psíquico
266,Pokémon 266,Sinnoh,Dragón,Hielo
267,Pokémon 267,Kanto,Acero,Fuego
268,Pokémon 268,Sinnoh,Planta,Fuego
269,Pokémon 269,Kanto,Roca,Agua
270,Pokémon 270,Teselia,Hada,Veneno
271,Pokémon 271,Sinnoh,Normal,Lucha
272,Pokémon 272,Galar,Siniestro,Lucha
273,Pokémon 273,Galar,Roca,Agua
274,Pokémon 274,Alola,Volador,Eléctrico
275,Pokémon 275,Hoenn,Bicho,Fuego
276,Pokémon 276,Kanto,Fuego,Agua
277,Pokémon 277,Kanto,Agua,Planta
278,Pokémon 278,Hoenn,Volador,Eléctrico
279,Pokémon 279,Kalos,Fuego,Agua
280,Pokémon 280,Alola,Roca,Agua
281,Pokémon 281,Kalos,Roca,Agua
282,Pokémon 282,Kalos,Hada,Veneno
283,Pokémon 283,Kalos,Agua,Planta
284,Pokémon 284,Hoenn,Lucha,Psíquico
285,Pokémon 285,Kalos,Fantasma,Siniestro
286,Pokémon 286,Galar,Acero,Fuego
287,Pokémon 287,Johto,Bicho,Fuego
288,Pokémon 288,Teselia,Siniestro,Lucha
289,Pokémon 289,Kanto,Bicho,Fuego
290,Pokémon 290,Kanto,Dragón,Hielo
291,Pokémon 291,Teselia,Volador,Eléctrico
292,Pokémon 292,Hoenn,Lucha,Psíquico
293,Pokémon 293,Sinnoh,Eléctrico,Tierra
294,Pokémon 294,Hoenn,Normal,Lucha
295,Pokémon 295,Kanto,Acero,Fuego
296,Pokémon 296,Kanto,Agua,Planta
297,Pokémon 297,Teselia,Roca,Agua
298,Pokémon 298,Kalos,Fantasma,Siniestro
299,Pokémon 299,Hoenn,Hada,Veneno
300,Pokémon 300,Hisui,Planta,Fuego
301,Pokémon 301,Teselia,Hada,Veneno
302,Pokémon 302,Galar,Eléctrico,Tierra
303,Pokémon 303,Kanto,Siniestro,Lucha
304,Pokémon 304,Teselia,Normal,Lucha
305,Pokémon 305,Hoenn,Fantasma,Siniestro
306,Pokémon 306,Kanto,Dragón,Hielo
307,Pokémon 307,Sinnoh,Tierra,Agua
308,Pokémon 308,Teselia,Dragón,Hielo
309,Pokémon 309,Alola,Acero,Fuego
310,Pokémon 310,Kanto,Planta,Fuego
311,Pokémon 311,Hoenn,Bicho,Fuego
312,Pokémon 312,Johto,Eléctrico,Tierra
313,Pokémon 313,Hisui,Eléctrico,Tierra
314,Pokémon 314,Paldea,Psíquico,Bicho
315,Pokémon 315,Kalos,Hielo,Fuego
316,Pokémon 316,Paldea,Lucha,Psíquico
317,Pokémon 317,Hoenn,Fantasma,Siniestro
318,Pokémon 318,Galar,Psíquico,Bicho
319,Pokémon 319,Galar,Roca,Agua
320,Pokémon 320,Johto,Fuego,Agua
321,Pokémon 321,Kalos,Lucha,Psíquico
322,Pokémon 322,Alola,Planta,Fuego
323,Pokémon 323,Johto,Veneno,Tierra
324,Pokémon 324,Paldea,Roca,Agua
325,Pokémon 325,Johto,Fantasma,Siniestro
326,Pokémon 326,Paldea,Volador,Eléctrico
327,Pokémon 327,Kanto,Psíquico,Bicho
328,Pokémon 328,Galar,Fuego,Agua
329,Pokémon 329,Kanto,Tierra,Agua
330,Pokémon 330,Hisui,Acero,Fuego
331,Pokémon 331,Kalos,Agua,Planta
332,Pokémon 332,Alola,Hielo,Fuego
333,Pokémon 333,Paldea,Eléctrico,Tierra
334,Pokémon 334,Alola,Eléctrico,Tierra
335,Pokémon 335,Paldea,Dragón,Hielo
336,Pokémon 336,Hoenn,Acero,Fuego
337,Pokémon 337,Johto,Tierra,Agua
338,Pokémon 338,Hisui,Agua,Planta
339,Pokémon 339,Galar,Acero,Fuego
340,Pokémon 340,Paldea,Volador,Eléctrico
341,Pokémon 341,Alola,Agua,Planta
342,Pokémon 342,Hisui,Hada,Veneno
343,Pokémon 343,Sinnoh,Hada,Veneno
344,Pokémon 344,Sinnoh,Acero,Fuego
345,Pokémon 345,Kanto,Agua,Planta
346,Pokémon 346,Galar,Agua,Planta
347,Pokémon 347,Hoenn,Hielo,Fuego
348,Pokémon 348,Alola,Roca,Agua
349,Pokémon 349,Johto,Dragón,Hielo
350,Pokémon 350,Johto,Tierra,Agua
351,Pokémon 351,Alola,Planta,Fuego
352,Pokémon 352,Kalos,Fantasma,Siniestro
353,Pokémon 353,Hoenn,Eléctrico,Tierra
354,Pokémon 354,Hisui,Fuego,Agua
355,Pokémon 355,Paldea,Psíquico,Bicho
356,Pokémon 356,Kalos,Tierra,Agua
357,Pokémon 357,Paldea,Agua,Planta
358,Pokémon 358,Paldea,Tierra,Agua
359,Pokémon 359,Kalos,Agua,Planta
360,Pokémon 360,Kanto,Fuego,Agua
361,Pokémon 361,Sinnoh,Bicho,Fuego
362,Pokémon 362,Paldea,Volador,Eléctrico
363,Pokémon 363,Kalos,Tierra,Agua
364,Pokémon 364,Kalos,Dragón,Hielo
365,Pokémon 365,Teselia,Veneno,Tierra
366,Pokémon 366,Kanto,Eléctrico,Tierra
367,Pokémon 367,Galar,Psíquico,Bicho
368,Pokémon 368,Teselia,Fuego,Agua
369,Pokémon 369,Teselia,Dragón,Hielo
370,Pokémon 370,Alola,Hielo,Fuego
371,Pokémon 371,Sinnoh,Veneno,Tierra
372,Pokémon 372,Kalos,Eléctrico,Tierra
373,Pokémon 373,Sinnoh,Siniestro,Lucha
374,Pokémon 374,Hoenn,Hada,Veneno
375,Pokémon 375,Alola,Hielo,Fuego
376,Pokémon 376,Galar,Eléctrico,Tierra
377,Pokémon 377,Sinnoh,Siniestro,Lucha
378,Pokémon 378,Johto,Roca,Agua
379,Pokémon 379,Paldea,Eléctrico,Tierra
380,Pokémon 380,Hoenn,Roca,Agua
381,Pokémon 381,Kanto,Acero,Fuego
382,Pokémon 382,Galar,Hada,Veneno
383,Pokémon 383,Hoenn,Veneno,Tierra
384,Pokémon 384,Paldea,Roca,Agua
385,Pokémon 385,Alola,Agua,Planta
386,Pokémon 386,Paldea,Veneno,Tierra
387,Pokémon 387,Teselia,Fuego,Agua
388,Pokémon 388,Paldea,Veneno,Tierra
389,Pokémon 389,Teselia,Roca,Agua
390,Pokémon 390,Alola,Roca,Agua
391,Pokémon 391,Hisui,Normal,Lucha
392,Pokémon 392,Teselia,Hielo,Fuego
393,Pokémon 393,Kanto,Siniestro,Lucha
394,Pokémon 394,Paldea,Veneno,Tierra
395,Pokémon 395,Paldea,Normal,Lucha
396,Pokémon 396,Kanto,Siniestro,Lucha
397,Pokémon 397,Johto,Tierra,Agua
398,Pokémon 398,Kalos,Roca,Agua
399,Pokémon 399,Hisui,Psíquico,Bicho
400,Pokémon 400,Galar,Roca,Agua
401,Pokémon 401,Teselia,Volador,Eléctrico
402,Pokémon 402,Kanto,Planta,Fuego
403,Pokémon 403,Alola,Hielo,Fuego
404,Pokémon 404,Teselia,Lucha,Psíquico
405,Pokémon 405,Kalos,Eléctrico,Tierra
406,Pokémon 406,Alola,Psíquico,Bicho
407,Pokémon 407,Hoenn,Roca,Agua
408,Pokémon 408,Paldea,Volador,Eléctrico
409,Pokémon 409,Hoenn,Volador,Eléctrico
410,Pokémon 410,Teselia,Psíquico,Bicho
411,Pokémon 411,Kalos,Lucha,Psíquico
412,Pokémon 412,Hisui,Hada,Veneno
413,Pokémon 413,Teselia,Planta,Fuego
414,Pokémon 414,Kanto,Fuego,Agua
415,Pokémon 415,Sinnoh,Fantasma,Siniestro
416,Pokémon 416,Teselia,Roca,Agua
417,Pokémon 417,Paldea,Bicho,Fuego
418,Pokémon 418,Paldea,Lucha,Psíquico
419,Pokémon 419,Teselia,Fuego,Agua
420,Pokémon 420,Alola,Roca,Agua
421,Pokémon 421,Sinnoh,Fantasma,Siniestro
422,Pokémon 422,Kanto,Acero,Fuego
423,Pokémon 423,Teselia,Tierra,Agua
424,Pokémon 424,Alola,Acero,Fuego
425,Pokémon 425,Paldea,Veneno,Tierra
426,Pokémon 426,Paldea,Fuego,Agua
427,Pokémon 427,Kalos,Roca,Agua
428,Pokémon 428,Teselia,Agua,Planta
429,Pokémon 429,Sinnoh,Siniestro,Lucha
430,Pokémon 430,Johto,Hielo,Fuego
431,Pokémon 431,Sinnoh,Lucha,Psíquico
432,Pokémon 432,Paldea,Volador,Eléctrico
433,Pokémon 433,Paldea,Tierra,Agua
434,Pokémon 434,Hoenn,Fuego,Agua
435,Pokémon 435,Paldea,Dragón,Hielo
436,Pokémon 436,Kanto,Eléctrico,Tierra
437,Pokémon 437,Galar,Planta,Fuego
438,Pokémon 438,Teselia,Planta,Fuego
439,Pokémon 439,Sinnoh,Hada,Veneno
440,Pokémon 440,Galar,Planta,Fuego
441,Pokémon 441,Alola,Acero,Fuego
442,Pokémon 442,Johto,Bicho,Fuego
443,Pokémon 443,Kanto,Acero,Fuego
444,Pokémon 444,Sinnoh,Volador,Eléctrico
445,Pokémon 445,Galar,Normal,Lucha
446,Pokémon 446,Johto,Hada,Veneno
447,Pokémon 447,Hoenn,Hada,Veneno
448,Pokémon 448,Kanto,Fantasma,Siniestro
449,Pokémon 449,Kanto,Dragón,Hielo
450,Pokémon 450,Hoenn,Bicho,Fuego
451,Pokémon 451,Teselia,Planta,Fuego
452,Pokémon 452,Hoenn,Agua,Planta
453,Pokémon 453,Kanto,Bicho,Fuego
454,Pokémon 454,Kanto,Lucha,Psíquico
455,Pokémon 455,Galar,Psíquico,Bicho
456,Pokémon 456,Paldea,Normal,Lucha
457,Pokémon 457,Johto,Hielo,Fuego
458,Pokémon 458,Hoenn,Dragón,Hielo
459,Pokémon 459,Johto,Dragón,Hielo
460,Pokémon 460,Hoenn,Psíquico,Bicho
461,Pokémon 461,Alola,Fuego,Agua
462,Pokémon 462,Kanto,Fantasma,Siniestro
463,Pokémon 463,Paldea,Fuego,Agua
464,Pokémon 464,Galar,Planta,Fuego
465,Pokémon 465,Paldea,Acero,Fuego
466,Pokémon 466,Paldea,Agua,Planta
467,Pokémon 467,Paldea,Roca,Agua
468,Pokémon 468,Johto,Tierra,Agua
469,Pokémon 469,Hoenn,Lucha,Psíquico
470,Pokémon 470,Hisui,Dragón,Hielo
471,Pokémon 471,Alola,Psíquico,Bicho
472,Pokémon 472,Sinnoh,Fuego,Agua
473,Pokémon 473,Paldea,Dragón,Hielo
474,Pokémon 474,Teselia,Fantasma,Siniestro
475,Pokémon 475,Johto,Psíquico,Bicho
476,Pokémon 476,Galar,Agua,Planta
477,Pokémon 477,Sinnoh,Acero,Fuego
478,Pokémon 478,Hisui,Bicho,Fuego
479,Pokémon 479,Teselia,Dragón,Hielo
480,Pokémon 480,Hisui,Siniestro,Lucha
481,Pokémon 481,Sinnoh,Eléctrico,Tierra
482,Pokémon 482,Paldea,Hielo,Fuego
483,Pokémon 483,Teselia,Eléctrico,Tierra
484,Pokémon 484,Hisui,Agua,Planta
485,Pokémon 485,Galar,Normal,Lucha
486,Pokémon 486,Hoenn,Hielo,Fuego
487,Pokémon 487,Kanto,Dragón,Hielo
488,Pokémon 488,Hoenn,Fuego,Agua
489,Pokémon 489,Sinnoh,Agua,Planta
490,Pokémon 490,Johto,Acero,Fuego
491,Pokémon 491,Kanto,Bicho,Fuego
492,Pokémon 492,Alola,Hada,Veneno
493,Pokémon 493,Galar,Dragón,Hielo
494,Pokémon 494,Alola,Bicho,Fuego
495,Pokémon 495,Teselia,Siniestro,Lucha
496,Pokémon 496,Kanto,Veneno,Tierra
497,Pokémon 497,Alola,Fantasma,Siniestro
498,Pokémon 498,Alola,Acero,Fuego
499,Pokémon 499,Hisui,Veneno,Tierra
500,Pokémon 500,Hoenn,Dragón,Hielo
501,Pokémon 501,Hisui,Fantasma,Siniestro
502,Pokémon 502,Kanto,Hada,Veneno
503,Pokémon 503,Kanto,Lucha,Psíquico
504,Pokémon 504,Sinnoh,Agua,Planta
505,Pokémon 505,Hisui,Bicho,Fuego
506,Pokémon 506,Kalos,Agua,Planta
507,Pokémon 507,Hoenn,Fantasma,Siniestro
508,Pokémon 508,Kanto,Dragón,Hielo
509,Pokémon 509,Sinnoh,Fantasma,Siniestro
510,Pokémon 510,Hisui,Lucha,Psíquico
511,Pokémon 511,Hoenn,Acero,Fuego
512,Pokémon 512,Hisui,Bicho,Fuego
513,Pokémon 513,Alola,Planta,Fuego
514,Pokémon 514,Sinnoh,Tierra,Agua
515,Pokémon 515,Hoenn,Hielo,Fuego
516,Pokémon 516,Paldea,Siniestro,Lucha
517,Pokémon 517,Teselia,Fuego,Agua
518,Pokémon 518,Teselia,Veneno,Tierra
519,Pokémon 519,Hoenn,Psíquico,Bicho
520,Pokémon 520,Hisui,Roca,Agua
521,Pokémon 521,Sinnoh,Acero,Fuego
522,Pokémon 522,Teselia,Veneno,Tierra
523,Pokémon 523,Sinnoh,Hada,Veneno
524,Pokémon 524,Teselia,Hada,Veneno
525,Pokémon 525,Alola,Fantasma,Siniestro
526,Pokémon 526,Hisui,Dragón,Hielo
527,Pokémon 527,Alola,Hielo,Fuego
528,Pokémon 528,Teselia,Psíquico,Bicho
529,Pokémon 529,Paldea,Roca,Agua
530,Pokémon 530,Paldea,Normal,Lucha
531,Pokémon 531,Alola,Hielo,Fuego
532,Pokémon 532,Paldea,Tierra,Agua
533,Pokémon 533,Teselia,Veneno,Tierra
534,Pokémon 534,Hoenn,Psíquico,Bicho
535,Pokémon 535,Alola,Tierra,Agua
536,Pokémon 536,Johto,Acero,Fuego
537,Pokémon 537,Hisui,Bicho,Fuego
538,Pokémon 538,Paldea,Fantasma,Siniestro
539,Pokémon 539,Paldea,Dragón,Hielo
540,Pokémon 540,Kanto,Siniestro,Lucha
541,Pokémon 541,Kalos,Normal,Lucha
542,Pokémon 542,Alola,Volador,Eléctrico
543,Pokémon 543,Galar,Veneno,Tierra
544,Pokémon 544,Paldea,Hada,Veneno
545,Pokémon 545,Hisui,Normal,Lucha
546,Pokémon 546,Johto,Fuego,Agua
547,Pokémon 547,Paldea,Normal,Lucha
548,Pokémon 548,Johto,Normal,Lucha
549,Pokémon 549,Teselia,Tierra,Agua
550,Pokémon 550,Teselia,Roca,Agua
551,Pokémon 551,Kalos,Normal,Lucha
552,Pokémon 552,Hoenn,Roca,Agua
553,Pokémon 553,Galar,Lucha,Psíquico
554,Pokémon 554,Kanto,Fuego,Agua
555,Pokémon 555,Kalos,Hielo,Fuego
556,Pokémon 556,Sinnoh,Lucha,Psíquico
557,Pokémon 557,Kanto,Fantasma,Siniestro
558,Pokémon 558,Alola,Hada,Veneno
559,Pokémon 559,Hisui,Dragón,Hielo
560,Pokémon 560,Sinnoh,Fuego,Agua
561,Pokémon 561,Sinnoh,Volador,Eléctrico
562,Pokémon 562,Kalos,Bicho,Fuego
563,Pokémon 563,Hoenn,Acero,Fuego
564,Pokémon 564,Kalos,Veneno,Tierra
565,Pokémon 565,Alola,Psíquico,Bicho
566,Pokémon 566,Paldea,Agua,Planta
567,Pokémon 567,Paldea,Hielo,Fuego
568,Pokémon 568,Hoenn,Tierra,Agua
569,Pokémon 569,Alola,Hielo,Fuego
570,Pokémon 570,Hoenn,Tierra,Agua
571,Pokémon 571,Johto,Lucha,Psíquico
572,Pokémon 572,Paldea,Tierra,Agua
573,Pokémon 573,Sinnoh,Hada,Veneno
574,Pokémon 574,Galar,Bicho,Fuego
575,Pokémon 575,Hisui,Veneno,Tierra
576,Pokémon 576,Alola,Veneno,Tierra
577,Pokémon 577,Kanto,Hada,Veneno
578,Pokémon 578,Hoenn,Dragón,Hielo
579,Pokémon 579,Hisui,Lucha,Psíquico
580,Pokémon 580,Kanto,Psíquico,Bicho
581,Pokémon 581,Hisui,Siniestro,Lucha
582,Pokémon 582,Galar,Planta,Fuego
583,Pokémon 583,Kanto,Hielo,Fuego
584,Pokémon 584,Kalos,Agua,Planta
585,Pokémon 585,Teselia,Tierra,Agua
586,Pokémon 586,Kalos,Volador,Eléctrico
587,Pokémon 587,Paldea,Fantasma,Siniestro
588,Pokémon 588,Teselia,Psíquico,Bicho
589,Pokémon 589,Kalos,Hada,Veneno
590,Pokémon 590,Teselia,Bicho,Fuego
591,Pokémon 591,Teselia,Bicho,Fuego
592,Pokémon 592,Sinnoh,Roca,Agua
593,Pokémon 593,Hoenn,Roca,Agua
594,Pokémon 594,Hoenn,Fantasma,Siniestro
595,Pokémon 595,Sinnoh,Planta,Fuego
596,Pokémon 596,Hisui,Roca,Agua
597,Pokémon 597,Johto,Veneno,Tierra
598,Pokémon 598,Hisui,Bicho,Fuego
599,Pokémon 599,Kanto,Hada,Veneno
600,Pokémon 600,Kanto,Hielo,Fuego
601,Pokémon 601,Teselia,Hada,Veneno
602,Pokémon 602,Kalos,Eléctrico,Tierra
603,Pokémon 603,Kalos,Tierra,Agua
604,Pokémon 604,Hoenn,Agua,Planta
605,Pokémon 605,Alola,Volador,Eléctrico
606,Pokémon 606,Hisui,Agua,Planta
607,Pokémon 607,Paldea,Dragón,Hielo
608,Pokémon 608,Galar,Normal,Lucha
609,Pokémon 609,Kalos,Lucha,Psíquico
610,Pokémon 610,Galar,Bicho,Fuego
611,Pokémon 611,Teselia,Acero,Fuego
612,Pokémon 612,Galar,Eléctrico,Tierra
613,Pokémon 613,Paldea,Planta,Fuego
614,Pokémon 614,Sinnoh,Bicho,Fuego
615,Pokémon 615,Paldea,Hada,Veneno
616,Pokémon 616,Galar,Acero,Fuego
617,Pokémon 617,Paldea,Tierra,Agua
618,Pokémon 618,Johto,Planta,Fuego
619,Pokémon 619,Teselia,Fuego,Agua
620,Pokémon 620,Hisui,Planta,Fuego
621,Pokémon 621,Sinnoh,Fuego,Agua
622,Pokémon 622,Kalos,Dragón,Hielo
623,Pokémon 623,Kanto,Fuego,Agua
624,Pokémon 624,Hisui,Planta,Fuego
625,Pokémon 625,Kanto,Hielo,Fuego
626,Pokémon 626,Teselia,Lucha,Psíquico
627,Pokémon 627,Sinnoh,Volador,Eléctrico
628,Pokémon 628,Hoenn,Bicho,Fuego
629,Pokémon 629,Kalos,Agua,Planta
630,Pokémon 630,Johto,Roca,Agua
631,Pokémon 631,Hoenn,Hada,Veneno
632,Pokémon 632,Teselia,Veneno,Tierra
633,Pokémon 633,Hisui,Dragón,Hielo
634,Pokémon 634,Johto,Normal,Lucha
635,Pokémon 635,Paldea,Agua,Planta
636,Pokémon 636,Galar,Veneno,Tierra
637,Pokémon 637,Johto,Planta,Fuego
638,Pokémon 638,Teselia,Siniestro,Lucha
639,Pokémon 639,Alola,Volador,Eléctrico
640,Pokémon 640,Galar,Bicho,Fuego
641,Pokémon 641,Kanto,Fantasma,Siniestro
642,Pokémon 642,Kalos,Fantasma,Siniestro
643,Pokémon 643,Kanto,Fuego,Agua
644,Pokémon 644,Johto,Eléctrico,Tierra
645,Pokémon 645,Kanto,Eléctrico,Tierra
646,Pokémon 646,Teselia,Hielo,Fuego
647,Pokémon 647,Paldea,Roca,Agua
648,Pokémon 648,Hisui,Tierra,Agua
649,Pokémon 649,Kalos,Dragón,Hielo
650,Pokémon 650,Kanto,Fantasma,Siniestro
651,Pokémon 651,Kanto,Lucha,Psíquico
652,Pokémon 652,Johto,Fuego,Agua
653,Pokémon 653,Hisui,Lucha,Psíquico
654,Pokémon 654,Hoenn,Hielo,Fuego
655,Pokémon 655,Kanto,Acero,Fuego
656,Pokémon 656,Teselia,Fuego,Agua
657,Pokémon 657,Alola,Agua,Planta
658,Pokémon 658,Kalos,Eléctrico,Tierra
659,Pokémon 659,Kanto,Eléctrico,Tierra
660,Pokémon 660,Teselia,Normal,Lucha
661,Pokémon 661,Teselia,Veneno,Tierra
662,Pokémon 662,Kalos,Bicho,Fuego
663,Pokémon 663,Hoenn,Planta,Fuego
664,Pokémon 664,Teselia,Roca,Agua
665,Pokémon 665,Alola,Dragón,Hielo
666,Pokémon 666,Teselia,Psíquico,Bicho
667,Pokémon 667,Teselia,Volador,Eléctrico
668,Pokémon 668,Teselia,Agua,Planta
669,Pokémon 669,Paldea,Fantasma,Siniestro
670,Pokémon 670,Paldea,Siniestro,Lucha
671,Pokémon 671,Hoenn,Volador,Eléctrico
672,Pokémon 672,Kanto,Volador,Eléctrico
673,Pokémon 673,Teselia,Bicho,Fuego
674,Pokémon 674,Hisui,Tierra,Agua
675,Pokémon 675,Kanto,Normal,Lucha
676,Pokémon 676,Hoenn,Eléctrico,Tierra
677,Pokémon 677,Sinnoh,Veneno,Tierra
678,Pokémon 678,Kanto,Psíquico,Bicho
679,Pokémon 679,Kanto,Bicho,Fuego
680,Pokémon 680,Galar,Normal,Lucha
681,Pokémon 681,Johto,Psíquico,Bicho
682,Pokémon 682,Galar,Eléctrico,Tierra
683,Pokémon 683,Alola,Dragón,Hielo
684,Pokémon 684,Paldea,Eléctrico,Tierra
685,Pokémon 685,Paldea,Bicho,Fuego
686,Pokémon 686,Johto,Eléctrico,Tierra
687,Pokémon 687,Kalos,Acero,Fuego
688,Pokémon 688,Kalos,Acero,Fuego
689,Pokémon 689,Hoenn,Bicho,Fuego
690,Pokémon 690,Johto,Dragón,Hielo
691,Pokémon 691,Kanto,Dragón,Hielo
692,Pokémon 692,Kalos,Hielo,Fuego
693,Pokémon 693,Teselia,Bicho,Fuego
694,Pokémon 694,Hisui,Hada,Veneno
695,Pokémon 695,Kanto,Fantasma,Siniestro
696,Pokémon 696,Alola,Fuego,Agua
697,Pokémon 697,Teselia,Tierra,Agua
698,Pokémon 698,Teselia,Eléctrico,Tierra
699,Pokémon 699,Johto,Normal,Lucha
700,Pokémon 700,Hoenn,Agua,Planta
701,Pokémon 701,Alola,Hielo,Fuego
702,Pokémon 702,Kalos,Eléctrico,Tierra
703,Pokémon 703,Johto,Eléctrico,Tierra
704,Pokémon 704,Kalos,Normal,Lucha
705,Pokémon 705,Johto,Acero,Fuego
706,Pokémon 706,Johto,Fantasma,Siniestro
707,Pokémon 707,Johto,Bicho,Fuego
708,Pokémon 708,Hoenn,Volador,Eléctrico
709,Pokémon 709,Johto,Hada,Veneno
710,Pokémon 710,Sinnoh,Psíquico,Bicho
711,Pokémon 711,Hisui,Fuego,Agua
712,Pokémon 712,Kalos,Hada,Veneno
713,Pokémon 713,Kanto,Lucha,Psíquico
714,Pokémon 714,Galar,Dragón,Hielo
715,Pokémon 715,Alola,Psíquico,Bicho
716,Pokémon 716,Paldea,Hada,Veneno
717,Pokémon 717,Hoenn,Bicho,Fuego
718,Pokémon 718,Kanto,Hielo,Fuego
719,Pokémon 719,Teselia,Roca,Agua
720,Pokémon 720,Sinnoh,Siniestro,Lucha
721,Pokémon 721,Paldea,Hada,Veneno
722,Pokémon 722,Galar,Volador,Eléctrico
723,Pokémon 723,Kanto,Veneno,Tierra
724,Pokémon 724,Paldea,Hada,Veneno
725,Pokémon 725,Kanto,Normal,Lucha
726,Pokémon 726,Sinnoh,Veneno,Tierra
727,Pokémon 727,Galar,Hielo,Fuego
728,Pokémon 728,Teselia,Eléctrico,Tierra
729,Pokémon 729,Johto,Dragón,Hielo
730,Pokémon 730,Kalos,Dragón,Hielo
731,Pokémon 731,Teselia,Fuego,Agua
732,Pokémon 732,Johto,Normal,Lucha
733,Pokémon 733,Hoenn,Psíquico,Bicho
734,Pokémon 734,Hisui,Volador,Eléctrico
735,Pokémon 735,Alola,Hada,Veneno
736,Pokémon 736,Alola,Hada,Veneno
737,Pokémon 737,Kalos,Acero,Fuego
738,Pokémon 738,Galar,Veneno,Tierra
739,Pokémon 739,Sinnoh,Dragón,Hielo
740,Pokémon 740,Galar,Veneno,Tierra
741,Pokémon 741,Sinnoh,Acero,Fuego
742,Pokémon 742,Galar,Bicho,Fuego
743,Pokémon 743,Hisui,Veneno,Tierra
744,Pokémon 744,Hoenn,Fantasma,Siniestro
745,Pokémon 745,Hoenn,Planta,Fuego
746,Pokémon 746,Johto,Normal,Lucha
747,Pokémon 747,Paldea,Normal,Lucha
748,Pokémon 748,Hoenn,Siniestro,Lucha
749,Pokémon 749,Hoenn,Fantasma,Siniestro
750,Pokémon 750,Teselia,Siniestro,Lucha
751,Pokémon 751,Teselia,Eléctrico,Tierra
752,Pokémon 752,Johto,Tierra,Agua
753,Pokémon 753,Paldea,Fuego,Agua
754,Pokémon 754,Kalos,Hada,Veneno
755,Pokémon 755,Teselia,Hielo,Fuego
756,Pokémon 756,Kalos,Tierra,Agua
757,Pokémon 757,Kanto,Normal,Lucha
758,Pokémon 758,Teselia,Tierra,Agua
759,Pokémon 759,Hisui,Siniestro,Lucha
760,Pokémon 760,Paldea,Roca,Agua
761,Pokémon 761,Johto,Tierra,Agua
762,Pokémon 762,Kanto,Roca,Agua
763,Pokémon 763,Paldea,Tierra,Agua
764,Pokémon 764,Hisui,Psíquico,Bicho
765,Pokémon 765,Paldea,Planta,Fuego
766,Pokémon 766,Hisui,Fuego,Agua
767,Pokémon 767,Hisui,Hielo,Fuego
768,Pokémon 768,Kalos,Fantasma,Siniestro
769,Pokémon 769,Galar,Planta,Fuego
770,Pokémon 770,Kanto,Hielo,Fuego
771,Pokémon 771,Paldea,Hielo,Fuego
772,Pokémon 772,Sinnoh,Fuego,Agua
773,Pokémon 773,Kanto,Hada,Veneno
774,Pokémon 774,Galar,Roca,Agua
775,Pokémon 775,Kanto,Tierra,Agua
776,Pokémon 776,Hoenn,Roca,Agua
777,Pokémon 777,Sinnoh,Psíquico,Bicho
778,Pokémon 778,Galar,Normal,Lucha
779,Pokémon 779,Kalos,Lucha,Psíquico
780,Pokémon 780,Paldea,Dragón,Hielo
781,Pokémon 781,Alola,Normal,Lucha
782,Pokémon 782,Galar,Bicho,Fuego
783,Pokémon 783,Johto,Lucha,Psíquico
784,Pokémon 784,Paldea,Dragón,Hielo
785,Pokémon 785,Galar,Normal,Lucha
786,Pokémon 786,Hoenn,Acero,Fuego
787,Pokémon 787,Alola,Acero,Fuego
788,Pokémon 788,Hoenn,Agua,Planta
789,Pokémon 789,Alola,Bicho,Fuego
790,Pokémon 790,Johto,Hielo,Fuego
791,Pokémon 791,Paldea,Psíquico,Bicho
792,Pokémon 792,Kalos,Agua,Planta
793,Pokémon 793,Hoenn,Veneno,Tierra
794,Pokémon 794,Hoenn,Fantasma,Siniestro
795,Pokémon 795,Hisui,Fantasma,Siniestro
796,Pokémon 796,Alola,Volador,Eléctrico
797,Pokémon 797,Teselia,Fuego,Agua
798,Pokémon 798,Paldea,Fantasma,Siniestro
799,Pokémon 799,Alola,Tierra,Agua
800,Pokémon 800,Hisui,Agua,Planta
801,Pokémon 801,Kanto,Veneno,Tierra
802,Pokémon 802,Alola,Siniestro,Lucha
803,Pokémon 803,Kalos,Fuego,Agua
804,Pokémon 804,Paldea,Hielo,Fuego
805,Pokémon 805,Hisui,Bicho,Fuego
806,Pokémon 806,Kanto,Eléctrico,Tierra
807,Pokémon 807,Sinnoh,Fuego,Agua
808,Pokémon 808,Hisui,Siniestro,Lucha
809,Pokémon 809,Sinnoh,Eléctrico,Tierra
810,Pokémon 810,Paldea,Dragón,Hielo
811,Pokémon 811,Hoenn,Bicho,Fuego
812,Pokémon 812,Hisui,Planta,Fuego
813,Pokémon 813,Johto,Dragón,Hielo
814,Pokémon 814,Sinnoh,Psíquico,Bicho
815,Pokémon 815,Kalos,Siniestro,Lucha
816,Pokémon 816,Johto,Hielo,Fuego
817,Pokémon 817,Galar,Fantasma,Siniestro
818,Pokémon 818,Galar,Hada,Veneno
819,Pokémon 819,Kanto,Bicho,Fuego
820,Pokémon 820,Hoenn,Psíquico,Bicho
821,Pokémon 821,Paldea,Roca,Agua
822,Pokémon 822,Hisui,Psíquico,Bicho
823,Pokémon 823,Teselia,Siniestro,Lucha
824,Pokémon 824,Kalos,Dragón,Hielo
825,Pokémon 825,Sinnoh,Dragón,Hielo
826,Pokémon 826,Paldea,Planta,Fuego
827,Pokémon 827,Johto,Psíquico,Bicho
828,Pokémon 828,Galar,Dragón,Hielo
829,Pokémon 829,Kalos,Planta,Fuego
830,Pokémon 830,Teselia,Roca,Agua
831,Pokémon 831,Hisui,Fuego,Agua
832,Pokémon 832,Kanto,Fantasma,Siniestro
833,Pokémon 833,Teselia,Planta,Fuego
834,Pokémon 834,Kalos,Siniestro,Lucha
835,Pokémon 835,Teselia,Fantasma,Siniestro
836,Pokémon 836,Kalos,Dragón,Hielo
837,Pokémon 837,Kalos,Agua,Planta
838,Pokémon 838,Alola,Veneno,Tierra
839,Pokémon 839,Sinnoh,Siniestro,Lucha
840,Pokémon 840,Galar,Volador,Eléctrico
841,Pokémon 841,Alola,Planta,Fuego
842,Pokémon 842,Hisui,Hada,Veneno
843,Pokémon 843,Alola,Fuego,Agua
844,Pokémon 844,Hoenn,Acero,Fuego
845,Pokémon 845,Hoenn,Roca,Agua
846,Pokémon 846,Galar,Planta,Fuego
847,Pokémon 847,Teselia,Psíquico,Bicho
848,Pokémon 848,Sinnoh,Lucha,Psíquico
849,Pokémon 849,Galar,Bicho,Fuego
850,Pokémon 850,Kalos,Volador,Eléctrico
851,Pokémon 851,Johto,Lucha,Psíquico
852,Pokémon 852,Sinnoh,Roca,Agua
853,Pokémon 853,Sinnoh,Lucha,Psíquico
854,Pokémon 854,Kalos,Acero,Fuego
855,Pokémon 855,Kalos,Volador,Eléctrico
856,Pokémon 856,Kanto,Volador,Eléctrico
857,Pokémon 857,Galar,Planta,Fuego
858,Pokémon 858,Kalos,Planta,Fuego
859,Pokémon 859,Hoenn,Lucha,Psíquico
860,Pokémon 860,Hisui,Normal,Lucha
861,Pokémon 861,Johto,Bicho,Fuego
862,Pokémon 862,Galar,Roca,Agua
863,Pokémon 863,Paldea,Volador,Eléctrico
864,Pokémon 864,Hoenn,Dragón,Hielo
865,Pokémon 865,Teselia,Roca,Agua
866,Pokémon 866,Kalos,Tierra,Agua
867,Pokémon 867,Paldea,Tierra,Agua
868,Pokémon 868,Kalos,Dragón,Hielo
869,Pokémon 869,Sinnoh,Volador,Eléctrico
870,Pokémon 870,Hoenn,Volador,Eléctrico
871,Pokémon 871,Sinnoh,Veneno,Tierra
872,Pokémon 872,Kanto,Siniestro,Lucha
873,Pokémon 873,Sinnoh,Acero,Fuego
874,Pokémon 874,Kanto,Eléctrico,Tierra
875,Pokémon 875,Kanto,Planta,Fuego
876,Pokémon 876,Paldea,Hada,Veneno
877,Pokémon 877,Kalos,Planta,Fuego
878,Pokémon 878,Teselia,Lucha,Psíquico
879,Pokémon 879,Sinnoh,Volador,Eléctrico
880,Pokémon 880,Hoenn,Hada,Veneno
881,Pokémon 881,Kanto,Planta,Fuego
882,Pokémon 882,Kalos,Volador,Eléctrico
883,Pokémon 883,Johto,Normal,Lucha
884,Pokémon 884,Galar,Hada,Veneno
885,Pokémon 885,Paldea,Eléctrico,Tierra
886,Pokémon 886,Teselia,Dragón,Hielo
887,Pokémon 887,Alola,Acero,Fuego
888,Pokémon 888,Paldea,Agua,Planta
889,Pokémon 889,Johto,Bicho,Fuego
890,Pokémon 890,Galar,Fuego,Agua
891,Pokémon 891,Johto,Normal,Lucha
892,Pokémon 892,Sinnoh,Acero,Fuego
893,Pokémon 893,Kanto,Siniestro,Lucha
894,Pokémon 894,Teselia,Eléctrico,Tierra
895,Pokémon 895,Hisui,Dragón,Hielo
896,Pokémon 896,Kanto,Agua,Planta
897,Pokémon 897,Hisui,Lucha,Psíquico
898,Pokémon 898,Galar,Psíquico,Bicho
899,Pokémon 899,Kalos,Volador,Eléctrico
900,Pokémon 900,Alola,Tierra,Agua
901,Pokémon 901,Hoenn,Fantasma,Siniestro
902,Pokémon 902,Kanto,Roca,Agua
903,Pokémon 903,Teselia,Fuego,Agua
904,Pokémon 904,Johto,Agua,Planta
905,Pokémon 905,Teselia,Lucha,Psíquico
906,Pokémon 906,Galar,Hada,Veneno
907,Pokémon 907,Hisui,Agua,Planta
908,Pokémon 908,Johto,Volador,Eléctrico
909,Pokémon 909,Hoenn,Lucha,Psíquico
910,Pokémon 910,Hoenn,Tierra,Agua
911,Pokémon 911,Kanto,Acero,Fuego
912,Pokémon 912,Galar,Psíquico,Bicho
913,Pokémon 913,Kalos,Lucha,Psíquico
914,Pokémon 914,Galar,Fantasma,Siniestro
915,Pokémon 915,Hisui,Planta,Fuego
916,Pokémon 916,Teselia,Hielo,Fuego
917,Pokémon 917,Hoenn,Volador,Eléctrico
918,Pokémon 918,Teselia,Lucha,Psíquico
919,Pokémon 919,Teselia,Roca,Agua
920,Pokémon 920,Teselia,Fantasma,Siniestro
921,Pokémon 921,Hoenn,Planta,Fuego
922,Pokémon 922,Paldea,Veneno,Tierra
923,Pokémon 923,Sinnoh,Eléctrico,Tierra
924,Pokémon 924,Hisui,Normal,Lucha
925,Pokémon 925,Paldea,Planta,Fuego
926,Pokémon 926,Hisui,Agua,Planta
927,Pokémon 927,Johto,Tierra,Agua
928,Pokémon 928,Galar,Veneno,Tierra
929,Pokémon 929,Galar,Normal,Lucha
930,Pokémon 930,Alola,Hielo,Fuego
931,Pokémon 931,Galar,Tierra,Agua
932,Pokémon 932,Hoenn,Lucha,Psíquico
933,Pokémon 933,Kalos,Planta,Fuego
934,Pokémon 934,Kanto,Roca,Agua
935,Pokémon 935,Alola,Acero,Fuego
936,Pokémon 936,Kanto,Fuego,Agua
937,Pokémon 937,Hisui,Eléctrico,Tierra
938,Pokémon 938,Kanto,Bicho,Fuego
939,Pokémon 939,Kanto,Veneno,Tierra
940,Pokémon 940,Alola,Hielo,Fuego
941,Pokémon 941,Johto,Veneno,Tierra
942,Pokémon 942,Teselia,Hada,Veneno
943,Pokémon 943,Galar,Agua,Planta
944,Pokémon 944,Galar,Bicho,Fuego
945,Pokémon 945,Hoenn,Agua,Planta
946,Pokémon 946,Alola,Hielo,Fuego
947,Pokémon 947,Hoenn,Fuego,Agua
948,Pokémon 948,Kalos,Bicho,Fuego
949,Pokémon 949,Kalos,Fuego,Agua
950,Pokémon 950,Hoenn,Hielo,Fuego
951,Pokémon 951,Alola,Acero,Fuego
952,Pokémon 952,Hoenn,Agua,Planta
953,Pokémon 953,Galar,Fuego,Agua
954,Pokémon 954,Paldea,Veneno,Tierra
955,Pokémon 955,Sinnoh,Bicho,Fuego
956,Pokémon 956,Kanto,Planta,Fuego
957,Pokémon 957,Sinnoh,Eléctrico,Tierra
958,Pokémon 958,Alola,Roca,Agua
959,Pokémon 959,Sinnoh,Dragón,Hielo
960,Pokémon 960,Kalos,Siniestro,Lucha
961,Pokémon 961,Hisui,Volador,Eléctrico
962,Pokémon 962,Kanto,Siniestro,Lucha
963,Pokémon 963,Teselia,Bicho,Fuego
964,Pokémon 964,Alola,Acero,Fuego
965,Pokémon 965,Kanto,Siniestro,Lucha
966,Pokémon 966,Sinnoh,Bicho,Fuego
967,Pokémon 967,Kalos,Veneno,Tierra
968,Pokémon 968,Johto,Agua,Planta
969,Pokémon 969,Paldea,Siniestro,Lucha
970,Pokémon 970,Teselia,Roca,Agua
971,Pokémon 971,Paldea,Veneno,Tierra
972,Pokémon 972,Kanto,Eléctrico,Tierra
973,Pokémon 973,Kalos,Veneno,Tierra
974,Pokémon 974,Kalos,Bicho,Fuego
975,Pokémon 975,Sinnoh,Normal,Lucha
976,Pokémon 976,Galar,Hielo,Fuego
977,Pokémon 977,Sinnoh,Hada,Veneno
978,Pokémon 978,Galar,Veneno,Tierra
979,Pokémon 979,Galar,Lucha,Psíquico
980,Pokémon 980,Teselia,Normal,Lucha
981,Pokémon 981,Sinnoh,Siniestro,Lucha
982,Pokémon 982,Johto,Bicho,Fuego
983,Pokémon 983,Hoenn,Hielo,Fuego
984,Pokémon 984,Hoenn,Fuego,Agua
985,Pokémon 985,Sinnoh,Fantasma,Siniestro
986,Pokémon 986,Sinnoh,Planta,Fuego
987,Pokémon 987,Paldea,Normal,Lucha
988,Pokémon 988,Teselia,Hada,Veneno
989,Pokémon 989,Sinnoh,Roca,Agua
990,Pokémon 990,Paldea,Fuego,Agua
991,Pokémon 991,Galar,Tierra,Agua
992,Pokémon 992,Kalos,Fuego,Agua
993,Pokémon 993,Kalos,Tierra,Agua
994,Pokémon 994,Galar,Normal,Lucha
995,Pokémon 995,Alola,Psíquico,Bicho
996,Pokémon 996,Paldea,Agua,Planta
997,Pokémon 997,Paldea,Planta,Fuego
998,Pokémon 998,Galar,Hada,Veneno
999,Pokémon 999,Johto,Hielo,Fuego
1000,Pokémon 1000,Hisui,Agua,Planta
